1790611249,1, 67.15, 1470, 1728, 0, 44
1790611249,2, 62.10, 1470, 1728, 0, 45
1790611252,1, 161.41, 1470, 1728, 99, 48
1790611252,2, 167.38, 1470, 1728, 100, 47
1790611254,1, 168.35, 1470, 1728, 100, 48
1790611254,2, 127.91, 1470, 1728, 100, 47
1790611256,1, 167.93, 1470, 1728, 100, 48
1790611256,2, 153.84, 1470, 1728, 100, 48
1790611258,1, 164.51, 1470, 1728, 86, 47
1790611258,2, 134.24, 1470, 1728, 84, 46
1790611260,1, 149.15, 1470, 1728, 89, 47
1790611260,2, 150.84, 1470, 1728, 84, 47
1790611262,1, 140.65, 1470, 1728, 88, 47
1790611262,2, 149.26, 1470, 1728, 81, 47
1790611264,1, 66.94, 1470, 1728, 0, 43
1790611264,2, 61.69, 1470, 1728, 0, 43
1790611266,1, 171.02, 1470, 1728, 99, 47
1790611266,2, 164.61, 1470, 1728, 99, 46
1790611268,1, 162.20, 1470, 1728, 99, 48
1790611268,2, 160.00, 1470, 1728, 99, 48
1790611270,1, 172.84, 1470, 1728, 100, 48
1790611270,2, 161.75, 1470, 1728, 100, 48
1790611272,1, 166.58, 1470, 1728, 100, 48
1790611272,2, 161.71, 1470, 1728, 100, 48
1790611275,1, 152.73, 1470, 1728, 100, 48
1790611275,2, 139.66, 1470, 1728, 100, 48
1790611277,1, 171.73, 1470, 1728, 99, 49
1790611277,2, 155.14, 1470, 1728, 100, 48
1790611279,1, 172.15, 1470, 1728, 100, 49
1790611279,2, 149.28, 1470, 1728, 100, 49
1790611281,1, 151.98, 1470, 1728, 100, 49
1790611281,2, 165.97, 1470, 1728, 99, 49
1790611283,1, 173.61, 1470, 1728, 49, 48
1790611283,2, 154.14, 1470, 1728, 49, 48
1790611285,1, 172.35, 1470, 1728, 100, 49
1790611285,2, 172.08, 1470, 1728, 100, 49
1790611287,1, 158.23, 1470, 1728, 99, 49
1790611287,2, 170.63, 1470, 1728, 99, 49
1790611289,1, 173.63, 1470, 1728, 99, 49
1790611289,2, 156.62, 1470, 1728, 100, 49
1790611291,1, 154.14, 1470, 1728, 100, 50
1790611291,2, 152.74, 1470, 1728, 100, 49
1790611293,1, 135.09, 1470, 1728, 99, 50
1790611293,2, 177.77, 1470, 1728, 100, 50
1790611295,1, 151.76, 1470, 1728, 89, 49
1790611295,2, 149.75, 1470, 1728, 85, 48
1790611297,1, 155.75, 1470, 1728, 85, 49
1790611297,2, 153.19, 1470, 1728, 83, 48
1790611300,1, 168.13, 1470, 1728, 87, 49
1790611300,2, 146.40, 1470, 1728, 85, 48
1790611302,1, 46.39, 1140, 1728, 0, 44
1790611302,2, 42.76, 1140, 1728, 0, 43
1790611304,1, 178.37, 1470, 1728, 100, 48
1790611304,2, 155.12, 1470, 1728, 100, 47
1790611306,1, 164.14, 1470, 1728, 100, 49
1790611306,2, 163.09, 1470, 1728, 100, 49
1790611308,1, 180.47, 1470, 1728, 97, 49
1790611308,2, 162.83, 1470, 1728, 97, 49
1790611310,1, 173.32, 1470, 1728, 100, 50
1790611310,2, 157.06, 1470, 1728, 100, 50
1790611312,1, 181.07, 1470, 1728, 100, 50
1790611312,2, 164.33, 1470, 1728, 100, 50
1790611314,1, 154.52, 1470, 1728, 100, 50
1790611314,2, 170.09, 1470, 1728, 100, 50
1790611316,1, 167.86, 1470, 1728, 99, 50
1790611316,2, 151.91, 1470, 1728, 99, 50
1790611318,1, 169.78, 1470, 1728, 100, 50
1790611318,2, 167.65, 1470, 1728, 100, 50
1790611320,1, 162.63, 1470, 1728, 100, 51
1790611320,2, 181.57, 1470, 1728, 100, 50
1790611322,1, 178.13, 1470, 1728, 100, 51
1790611322,2, 168.82, 1470, 1728, 100, 51
1790611325,1, 159.56, 1470, 1728, 100, 51
1790611325,2, 172.94, 1470, 1728, 100, 51
1790611327,1, 161.19, 1470, 1728, 100, 51
1790611327,2, 171.88, 1470, 1728, 100, 51
1790611329,1, 171.50, 1470, 1728, 100, 51
1790611329,2, 167.92, 1470, 1728, 100, 51
1790611331,1, 161.35, 1470, 1728, 87, 50
1790611331,2, 143.12, 1470, 1728, 86, 49
1790611333,1, 162.22, 1470, 1728, 87, 50
1790611333,2, 158.10, 1470, 1728, 85, 49
1790611335,1, 166.21, 1470, 1728, 88, 50
1790611335,2, 142.37, 1470, 1728, 83, 49
1790611337,1, 156.40, 1470, 1728, 74, 49
1790611337,2, 149.51, 1470, 1728, 98, 48
1790611339,1, 155.65, 1470, 1728, 55, 49
1790611339,2, 152.91, 1470, 1728, 61, 49
1790611341,1, 158.72, 1470, 1728, 99, 50
1790611341,2, 167.57, 1470, 1728, 99, 50
1790611343,1, 152.21, 1470, 1728, 88, 49
1790611343,2, 152.62, 1470, 1728, 88, 49
1790611345,1, 155.42, 1470, 1728, 88, 49
1790611345,2, 154.31, 1470, 1728, 88, 49
1790611347,1, 150.66, 1470, 1728, 88, 49
1790611347,2, 149.38, 1470, 1728, 88, 49
1790611350,1, 158.09, 1470, 1728, 87, 49
1790611350,2, 139.78, 1470, 1728, 89, 49
1790611352,1, 155.53, 1470, 1728, 88, 49
1790611352,2, 133.46, 1470, 1728, 82, 49
1790611354,1, 158.49, 1470, 1728, 86, 49
1790611354,2, 147.36, 1470, 1728, 84, 49
1790611356,1, 152.91, 1470, 1728, 87, 49
1790611356,2, 143.60, 1470, 1728, 82, 49
1790611358,1, 151.50, 1470, 1728, 89, 49
1790611358,2, 141.92, 1470, 1728, 81, 49
1790611360,1, 161.26, 1470, 1728, 88, 49
1790611360,2, 145.69, 1470, 1728, 85, 49
1790611362,1, 146.22, 1470, 1728, 88, 49
1790611362,2, 148.79, 1470, 1728, 81, 49
1790611364,1, 158.85, 1470, 1728, 84, 49
1790611364,2, 149.39, 1470, 1728, 83, 49
1790611366,1, 161.36, 1470, 1728, 0, 48
1790611366,2, 146.30, 1470, 1728, 1, 47
1790611368,1, 144.04, 1470, 1728, 88, 48
1790611368,2, 144.05, 1470, 1728, 83, 48
1790611370,1, 153.68, 1470, 1728, 85, 49
1790611370,2, 142.79, 1470, 1728, 82, 48
1790611372,1, 151.60, 1470, 1728, 38, 48
1790611372,2, 142.26, 1470, 1728, 34, 48
1790611375,1, 69.37, 1470, 1728, 20, 48
1790611375,2, 140.56, 1470, 1728, 17, 47
1790611377,1, 161.27, 1470, 1728, 85, 49
1790611377,2, 148.79, 1470, 1728, 83, 48
1790611379,1, 156.28, 1470, 1728, 82, 49
1790611379,2, 144.97, 1470, 1728, 82, 48
1790611381,1, 157.24, 1470, 1728, 87, 49
1790611381,2, 147.16, 1470, 1728, 82, 48
1790611383,1, 156.95, 1470, 1728, 88, 49
1790611383,2, 143.82, 1470, 1728, 82, 48
1790611385,1, 46.49, 1140, 1728, 0, 45
1790611385,2, 42.85, 1140, 1728, 0, 44
1790611387,1, 46.07, 1140, 1728, 0, 43
1790611387,2, 42.44, 1140, 1728, 0, 42
1790611389,1, 45.78, 1140, 1728, 0, 43
1790611389,2, 42.34, 1140, 1728, 0, 42
1790611391,1, 45.57, 1140, 1728, 0, 42
1790611391,2, 42.03, 1140, 1728, 0, 41
1790611393,1, 45.37, 1140, 1728, 0, 42
1790611393,2, 41.94, 1140, 1728, 0, 40
1790611395,1, 45.17, 1140, 1728, 0, 41
1790611395,2, 41.83, 1140, 1728, 0, 40
1790611398,1, 44.96, 1140, 1728, 0, 41
1790611398,2, 41.64, 1140, 1728, 0, 40
1790611400,1, 44.75, 1140, 1728, 0, 40
1790611400,2, 41.44, 1140, 1728, 0, 39
1790611402,1, 44.54, 1140, 1728, 0, 40
1790611402,2, 41.43, 1140, 1728, 0, 39
1790611405,1, 153.62, 1485, 1728, 88, 43
1790611405,2, 157.00, 1485, 1728, 84, 43
1790611407,1, 166.97, 1485, 1728, 87, 44
1790611407,2, 136.17, 1485, 1728, 81, 44
1790611409,1, 137.39, 1470, 1728, 83, 45
1790611409,2, 146.95, 1485, 1728, 81, 44
1790611411,1, 159.69, 1470, 1728, 85, 45
1790611411,2, 161.85, 1485, 1728, 82, 44
1790611413,1, 67.26, 1470, 1728, 32, 43
1790611413,2, 61.49, 1470, 1728, 30, 42
1790611415,1, 150.28, 1470, 1728, 86, 45
1790611415,2, 160.15, 1470, 1728, 83, 45
1790611418,1, 139.15, 1470, 1728, 89, 45
1790611418,2, 143.72, 1470, 1728, 81, 45
1790611420,1, 141.86, 1470, 1728, 85, 46
1790611420,2, 144.77, 1470, 1728, 81, 45
1790611422,1, 134.23, 1470, 1728, 10, 45
1790611422,2, 154.89, 1470, 1728, 100, 45
1790611424,1, 160.27, 1470, 1728, 100, 47
1790611424,2, 146.42, 1470, 1728, 100, 46
1790611426,1, 122.09, 1470, 1728, 99, 46
1790611426,2, 140.21, 1470, 1728, 98, 45
1790611428,1, 159.94, 1470, 1728, 85, 46
1790611428,2, 143.97, 1470, 1728, 85, 45
1790611430,1, 149.20, 1470, 1728, 87, 46
1790611430,2, 159.79, 1470, 1728, 84, 46
1790611432,1, 152.51, 1470, 1728, 87, 47
1790611432,2, 145.01, 1470, 1728, 84, 46
1790611434,1, 156.60, 1470, 1728, 88, 47
1790611434,2, 158.26, 1470, 1728, 88, 46
1790611437,1, 144.68, 1470, 1728, 0, 45
1790611437,2, 143.16, 1470, 1728, 0, 45
1790611439,1, 140.72, 1470, 1728, 87, 47
1790611439,2, 150.55, 1470, 1728, 87, 46
1790611441,1, 151.66, 1470, 1728, 87, 47
1790611441,2, 160.97, 1470, 1728, 83, 46
1790611443,1, 148.04, 1470, 1728, 88, 47
1790611443,2, 145.58, 1470, 1728, 83, 47
1790611445,1, 157.90, 1470, 1728, 100, 48
1790611445,2, 155.74, 1470, 1728, 100, 47
1790611447,1, 151.83, 1470, 1728, 99, 48
1790611447,2, 154.72, 1470, 1728, 99, 47
1790611449,1, 142.74, 1470, 1728, 88, 47
1790611449,2, 144.63, 1470, 1728, 89, 47
1790611451,1, 46.17, 1140, 1728, 0, 43
1790611451,2, 42.55, 1140, 1728, 0, 42
1790611453,1, 45.37, 1140, 1728, 0, 42
1790611453,2, 42.04, 1140, 1728, 0, 41
1790611455,1, 45.17, 1140, 1728, 0, 41
1790611455,2, 41.95, 1140, 1728, 0, 40
1790611457,1, 45.06, 1140, 1728, 0, 41
1790611457,2, 41.74, 1140, 1728, 0, 40
1790611459,1, 44.75, 1140, 1728, 0, 40
1790611459,2, 41.54, 1140, 1728, 0, 39
1790611461,1, 44.65, 1140, 1728, 0, 40
1790611461,2, 41.44, 1140, 1728, 0, 39
1790611464,1, 44.55, 1140, 1728, 0, 39
1790611464,2, 41.34, 1140, 1728, 0, 39
1790611466,1, 44.45, 1140, 1728, 0, 39
1790611466,2, 41.35, 1140, 1728, 0, 38
1790611468,1, 44.35, 1140, 1728, 0, 39
1790611468,2, 41.24, 1140, 1728, 0, 38
1790611470,1, 44.15, 1140, 1728, 0, 38
1790611470,2, 41.12, 1140, 1728, 0, 37
1790611472,1, 44.15, 1140, 1728, 0, 38
1790611472,2, 41.01, 1140, 1728, 0, 37
1790611474,1, 44.05, 1140, 1728, 0, 38
1790611474,2, 40.92, 1140, 1728, 0, 37
1790611476,1, 43.95, 1140, 1728, 0, 38
1790611476,2, 40.91, 1140, 1728, 0, 37
1790611478,1, 43.83, 1140, 1728, 0, 37
1790611478,2, 40.91, 1140, 1728, 0, 36
1790611480,1, 43.72, 1140, 1728, 0, 37
1790611480,2, 40.71, 1140, 1728, 0, 36
1790611482,1, 43.51, 1140, 1728, 0, 37
1790611482,2, 40.51, 1140, 1728, 0, 36
1790611484,1, 43.41, 1140, 1728, 0, 37
1790611484,2, 40.51, 1140, 1728, 0, 36
1790611486,1, 43.41, 1140, 1728, 0, 36
1790611486,2, 40.41, 1140, 1728, 0, 36
1790611488,1, 43.32, 1140, 1728, 0, 36
1790611488,2, 40.41, 1140, 1728, 0, 35
1790611491,1, 43.21, 1140, 1728, 0, 36
1790611491,2, 40.41, 1140, 1728, 0, 35
1790611493,1, 43.12, 1140, 1728, 0, 36
1790611493,2, 40.21, 1140, 1728, 0, 35
1790611495,1, 43.23, 1140, 1728, 0, 36
1790611495,2, 40.21, 1140, 1728, 0, 35
1790611497,1, 43.11, 1140, 1728, 0, 36
1790611497,2, 40.31, 1140, 1728, 0, 35
1790611499,1, 43.03, 1140, 1728, 0, 35
1790611499,2, 40.51, 1140, 1728, 0, 35
1790611501,1, 42.92, 1140, 1728, 0, 35
1790611501,2, 40.51, 1140, 1728, 0, 35
1790611503,1, 43.02, 1140, 1728, 0, 35
1790611503,2, 40.51, 1140, 1728, 0, 34
1790611505,1, 43.03, 1140, 1728, 0, 35
1790611505,2, 40.51, 1140, 1728, 0, 34
1790611507,1, 42.82, 1140, 1728, 0, 35
1790611507,2, 40.41, 1140, 1728, 0, 34
1790611509,1, 42.82, 1140, 1728, 0, 35
1790611509,2, 40.41, 1140, 1728, 0, 34
1790611511,1, 42.82, 1140, 1728, 0, 35
1790611511,2, 40.41, 1140, 1728, 0, 34
1790611513,1, 42.72, 1140, 1728, 0, 35
1790611513,2, 40.31, 1140, 1728, 0, 34
1790611515,1, 43.12, 1140, 1728, 0, 34
1790611515,2, 40.51, 1140, 1728, 0, 34
1790611518,1, 43.31, 1140, 1728, 0, 34
1790611518,2, 40.31, 1140, 1728, 0, 34
1790611520,1, 43.00, 1140, 1728, 0, 34
1790611520,2, 40.41, 1140, 1728, 0, 34
1790611522,1, 43.03, 1140, 1728, 0, 34
1790611522,2, 40.41, 1140, 1728, 0, 33
1790611524,1, 43.13, 1140, 1728, 0, 34
1790611524,2, 40.31, 1140, 1728, 0, 33
1790611526,1, 43.02, 1140, 1728, 0, 34
1790611526,2, 40.41, 1140, 1728, 0, 33
1790611528,1, 43.21, 1140, 1728, 0, 34
1790611528,2, 40.31, 1140, 1728, 0, 33
1790611530,1, 42.92, 1140, 1728, 0, 34
1790611530,2, 40.21, 1140, 1728, 0, 33
1790611532,1, 43.12, 1140, 1728, 0, 34
1790611532,2, 40.41, 1140, 1728, 0, 33
1790611534,1, 43.12, 1140, 1728, 0, 34
1790611534,2, 40.21, 1140, 1728, 0, 33
1790611536,1, 42.91, 1140, 1728, 0, 34
1790611536,2, 40.31, 1140, 1728, 0, 33
1790611538,1, 42.81, 1140, 1728, 0, 34
1790611538,2, 40.41, 1140, 1728, 0, 33
1790611540,1, 43.01, 1140, 1728, 0, 34
1790611540,2, 40.21, 1140, 1728, 0, 33
1790611543,1, 42.91, 1140, 1728, 0, 34
1790611543,2, 40.31, 1140, 1728, 0, 33
1790611545,1, 145.80, 1470, 1728, 86, 38
1790611545,2, 155.51, 1455, 1728, 88, 37
1790611547,1, 147.33, 1470, 1728, 88, 39
1790611547,2, 127.83, 1455, 1728, 85, 38
1790611549,1, 146.89, 1485, 1728, 88, 40
1790611549,2, 148.29, 1455, 1728, 87, 39
1790611551,1, 152.10, 1485, 1728, 88, 40
1790611551,2, 144.23, 1455, 1728, 87, 40
1790611553,1, 149.71, 1485, 1728, 100, 41
1790611553,2, 156.36, 1485, 1728, 100, 41
1790611555,1, 166.46, 1485, 1728, 99, 42
1790611555,2, 155.76, 1485, 1728, 100, 42
1790611557,1, 153.27, 1485, 1728, 100, 43
1790611557,2, 163.14, 1485, 1728, 100, 42
1790611559,1, 168.83, 1485, 1728, 99, 43
1790611559,2, 157.32, 1485, 1728, 99, 43
1790611561,1, 163.06, 1485, 1728, 100, 44
1790611561,2, 155.44, 1485, 1728, 100, 43
1790611563,1, 155.46, 1485, 1728, 100, 44
1790611563,2, 162.86, 1485, 1728, 100, 44
1790611565,1, 157.64, 1485, 1728, 87, 43
1790611565,2, 146.60, 1485, 1728, 82, 43
1790611568,1, 169.64, 1485, 1728, 88, 43
1790611568,2, 158.26, 1485, 1728, 88, 43
1790611570,1, 153.42, 1485, 1728, 85, 44
1790611570,2, 147.15, 1485, 1728, 80, 43
1790611572,1, 171.06, 1470, 1728, 100, 45
1790611572,2, 151.44, 1485, 1728, 100, 44
1790611574,1, 90.64, 1470, 1728, 0, 43
1790611574,2, 158.39, 1470, 1728, 0, 43
1790611576,1, 149.71, 1470, 1728, 99, 45
1790611576,2, 159.38, 1470, 1728, 100, 45
1790611578,1, 158.96, 1470, 1728, 100, 45
1790611578,2, 162.20, 1470, 1728, 100, 45
1790611580,1, 155.51, 1470, 1728, 100, 46
1790611580,2, 155.61, 1470, 1728, 100, 45
1790611583,1, 158.64, 1470, 1728, 100, 46
1790611583,2, 161.77, 1470, 1728, 100, 46
1790611585,1, 146.07, 1470, 1728, 92, 45
1790611585,2, 139.68, 1470, 1728, 73, 44
1790611587,1, 145.00, 1470, 1728, 87, 45
1790611587,2, 155.35, 1470, 1728, 82, 45
1790611589,1, 156.54, 1470, 1728, 88, 46
1790611589,2, 151.47, 1470, 1728, 88, 45
1790611591,1, 66.41, 1470, 1728, 0, 43
1790611591,2, 61.19, 1470, 1728, 0, 42
1790611593,1, 160.01, 1470, 1728, 99, 47
1790611593,2, 155.45, 1470, 1728, 100, 46
1790611595,1, 166.84, 1470, 1728, 99, 47
1790611595,2, 158.84, 1470, 1728, 100, 47
1790611597,1, 166.85, 1470, 1728, 100, 47
1790611597,2, 160.36, 1470, 1728, 100, 47
1790611599,1, 166.02, 1470, 1728, 100, 47
1790611599,2, 164.12, 1470, 1728, 100, 47
1790611601,1, 170.21, 1470, 1728, 100, 48
1790611601,2, 154.25, 1470, 1728, 100, 47
1790611603,1, 167.75, 1470, 1728, 100, 48
1790611603,2, 157.31, 1470, 1728, 100, 48
1790611605,1, 170.47, 1470, 1728, 100, 48
1790611605,2, 170.82, 1470, 1728, 100, 48
1790611608,1, 159.58, 1470, 1728, 100, 48
1790611608,2, 150.21, 1470, 1728, 100, 48
1790611610,1, 146.72, 1470, 1728, 100, 48
1790611610,2, 157.53, 1470, 1728, 100, 48
1790611612,1, 161.01, 1470, 1728, 99, 49
1790611612,2, 158.10, 1470, 1728, 99, 48
1790611614,1, 168.78, 1470, 1728, 99, 49
1790611614,2, 158.73, 1470, 1728, 99, 49
1790611616,1, 170.71, 1470, 1728, 100, 49
1790611616,2, 156.68, 1470, 1728, 100, 49
1790611618,1, 160.90, 1470, 1728, 86, 48
1790611618,2, 147.45, 1470, 1728, 80, 47
1790611620,1, 153.67, 1470, 1728, 87, 48
1790611620,2, 147.16, 1470, 1728, 83, 48
1790611622,1, 151.16, 1470, 1728, 86, 48
1790611622,2, 165.99, 1470, 1728, 81, 48
1790611624,1, 160.52, 1470, 1728, 69, 49
1790611624,2, 152.17, 1470, 1728, 77, 48
1790611626,1, 167.87, 1470, 1728, 100, 49
1790611626,2, 146.22, 1470, 1728, 99, 49
1790611628,1, 155.45, 1470, 1728, 70, 48
1790611628,2, 150.91, 1470, 1728, 77, 48
1790611630,1, 67.24, 1470, 1728, 0, 45
1790611630,2, 62.11, 1470, 1728, 0, 44
1790611633,1, 45.67, 1140, 1728, 0, 43
1790611633,2, 42.35, 1140, 1728, 0, 42
1790611635,1, 45.37, 1140, 1728, 0, 42
1790611635,2, 42.15, 1140, 1728, 0, 41
1790611637,1, 45.27, 1140, 1728, 0, 42
1790611637,2, 42.04, 1140, 1728, 0, 41
1790611639,1, 45.17, 1140, 1728, 0, 41
1790611639,2, 41.85, 1140, 1728, 0, 40
1790611641,1, 44.85, 1140, 1728, 0, 41
1790611641,2, 41.84, 1140, 1728, 0, 40
1790611643,1, 44.75, 1140, 1728, 0, 40
1790611643,2, 41.54, 1140, 1728, 0, 39
1790611645,1, 44.65, 1140, 1728, 0, 40
1790611645,2, 41.54, 1140, 1728, 0, 39
1790611647,1, 44.55, 1140, 1728, 0, 40
1790611647,2, 41.34, 1140, 1728, 0, 39
1790611649,1, 44.35, 1140, 1728, 0, 39
1790611649,2, 41.34, 1140, 1728, 0, 38
1790611651,1, 147.98, 1485, 1728, 88, 42
1790611651,2, 149.84, 1485, 1728, 84, 42
1790611653,1, 153.91, 1485, 1728, 85, 44
1790611653,2, 142.03, 1485, 1728, 83, 43
1790611655,1, 157.35, 1485, 1728, 88, 44
1790611655,2, 131.22, 1485, 1728, 84, 44
1790611657,1, 152.45, 1485, 1728, 86, 45
1790611657,2, 144.00, 1485, 1728, 81, 44
1790611660,1, 140.52, 1470, 1728, 88, 45
1790611660,2, 158.30, 1485, 1728, 83, 44
1790611662,1, 142.26, 1470, 1728, 86, 45
1790611662,2, 146.25, 1485, 1728, 81, 45
1790611664,1, 158.88, 1470, 1728, 100, 46
1790611664,2, 162.73, 1470, 1728, 100, 46
1790611666,1, 148.18, 1470, 1728, 88, 45
1790611666,2, 150.25, 1470, 1728, 82, 45
1790611668,1, 147.12, 1470, 1728, 88, 46
1790611668,2, 146.30, 1470, 1728, 89, 45
1790611670,1, 161.21, 1470, 1728, 86, 46
1790611670,2, 140.54, 1470, 1728, 85, 45
1790611672,1, 151.76, 1470, 1728, 88, 46
1790611672,2, 152.87, 1470, 1728, 89, 46
1790611674,1, 154.30, 1470, 1728, 87, 46
1790611674,2, 140.90, 1470, 1728, 89, 46
1790611676,1, 146.41, 1470, 1728, 88, 46
1790611676,2, 155.32, 1470, 1728, 83, 46
1790611678,1, 142.49, 1470, 1728, 86, 47
1790611678,2, 139.08, 1470, 1728, 83, 46
1790611680,1, 67.14, 1470, 1728, 0, 44
1790611680,2, 62.01, 1470, 1728, 0, 43
1790611682,1, 153.90, 1470, 1728, 100, 47
1790611682,2, 142.64, 1470, 1728, 100, 47
1790611684,1, 166.13, 1470, 1728, 99, 48
1790611684,2, 157.24, 1470, 1728, 100, 47
1790611687,1, 152.12, 1470, 1728, 99, 48
1790611687,2, 149.22, 1470, 1728, 100, 48
1790611689,1, 160.78, 1470, 1728, 100, 48
1790611689,2, 153.29, 1470, 1728, 100, 48
1790611691,1, 160.23, 1470, 1728, 99, 48
1790611691,2, 156.07, 1470, 1728, 99, 48
1790611693,1, 161.96, 1470, 1728, 100, 48
1790611693,2, 147.24, 1470, 1728, 100, 48
1790611695,1, 154.37, 1470, 1728, 99, 49
1790611695,2, 156.76, 1470, 1728, 100, 49
1790611697,1, 158.04, 1470, 1728, 99, 49
1790611697,2, 146.11, 1470, 1728, 100, 48
1790611700,1, 73.38, 1470, 1728, 100, 46
1790611700,2, 98.99, 1140, 1728, 18, 43
1790611703,1, 163.43, 1470, 1728, 99, 49
1790611703,2, 153.35, 1470, 1728, 100, 48
1790611705,1, 167.56, 1470, 1728, 100, 49
1790611705,2, 158.24, 1470, 1728, 100, 49
1790611707,1, 162.33, 1470, 1728, 99, 49
1790611707,2, 159.10, 1470, 1728, 100, 49
1790611709,1, 169.62, 1470, 1728, 100, 50
1790611709,2, 162.20, 1470, 1728, 100, 49
1790611711,1, 170.82, 1470, 1728, 100, 50
1790611711,2, 158.24, 1470, 1728, 100, 49
1790611713,1, 162.16, 1470, 1728, 99, 50
1790611713,2, 155.36, 1470, 1728, 100, 49
1790611715,1, 157.92, 1470, 1728, 100, 50
1790611715,2, 158.18, 1470, 1728, 100, 49
1790611717,1, 177.22, 1470, 1728, 100, 50
1790611717,2, 151.85, 1470, 1728, 100, 49
1790611719,1, 180.05, 1470, 1728, 95, 50
1790611719,2, 104.28, 1470, 1728, 84, 49
1790611721,1, 141.57, 1470, 1728, 88, 49
1790611721,2, 142.77, 1470, 1728, 89, 48
1790611724,1, 152.75, 1470, 1728, 0, 48
1790611724,2, 142.32, 1470, 1728, 20, 47
1790611726,1, 150.60, 1470, 1728, 88, 49
1790611726,2, 140.97, 1470, 1728, 86, 48
1790611728,1, 161.89, 1470, 1728, 85, 49
1790611728,2, 151.56, 1470, 1728, 84, 48
1790611730,1, 144.16, 1470, 1728, 86, 49
1790611730,2, 140.20, 1470, 1728, 84, 48
1790611732,1, 69.25, 1470, 1728, 0, 46
1790611732,2, 62.94, 1470, 1728, 0, 45
1790611734,1, 46.48, 1140, 1728, 0, 44
1790611734,2, 42.65, 1140, 1728, 0, 43
1790611736,1, 145.54, 1470, 1728, 86, 48
1790611736,2, 140.34, 1470, 1728, 86, 47
1790611738,1, 158.00, 1470, 1728, 86, 48
1790611738,2, 150.76, 1470, 1728, 84, 47
1790611740,1, 142.97, 1470, 1728, 86, 48
1790611740,2, 139.64, 1470, 1728, 80, 47
1790611742,1, 159.29, 1470, 1728, 86, 48
1790611742,2, 147.97, 1470, 1728, 82, 48
1790611744,1, 152.11, 1470, 1728, 89, 49
1790611744,2, 153.84, 1470, 1728, 88, 48
1790611746,1, 155.47, 1470, 1728, 88, 48
1790611746,2, 143.60, 1470, 1728, 84, 48
1790611748,1, 68.35, 1470, 1728, 0, 45
1790611748,2, 62.61, 1470, 1728, 0, 44
1790611751,1, 45.97, 1140, 1728, 0, 44
1790611751,2, 42.45, 1140, 1728, 0, 43
1790611753,1, 45.78, 1140, 1728, 0, 43
1790611753,2, 42.15, 1140, 1728, 0, 42
1790611755,1, 45.37, 1140, 1728, 0, 42
1790611755,2, 42.04, 1140, 1728, 0, 41
1790611757,1, 45.17, 1140, 1728, 0, 42
1790611757,2, 41.83, 1140, 1728, 0, 41
1790611759,1, 44.96, 1140, 1728, 0, 41
1790611759,2, 41.65, 1140, 1728, 0, 40
1790611761,1, 44.85, 1140, 1728, 0, 41
1790611761,2, 41.63, 1140, 1728, 0, 40
1790611763,1, 44.75, 1140, 1728, 0, 40
1790611763,2, 41.34, 1140, 1728, 0, 39
1790611765,1, 44.55, 1140, 1728, 0, 40
1790611765,2, 41.24, 1140, 1728, 0, 39
1790611767,1, 44.45, 1140, 1728, 0, 39
1790611767,2, 41.34, 1140, 1728, 0, 38
1790611769,1, 44.35, 1140, 1728, 0, 39
1790611769,2, 41.22, 1140, 1728, 0, 38
1790611771,1, 44.15, 1140, 1728, 0, 39
1790611771,2, 41.02, 1140, 1728, 0, 38
1790611773,1, 44.15, 1140, 1728, 0, 38
1790611773,2, 41.13, 1140, 1728, 0, 37
1790611776,1, 43.94, 1140, 1728, 0, 38
1790611776,2, 40.81, 1140, 1728, 0, 37
1790611778,1, 43.95, 1140, 1728, 0, 38
1790611778,2, 40.81, 1140, 1728, 0, 37
1790611780,1, 43.83, 1140, 1728, 0, 38
1790611780,2, 40.81, 1140, 1728, 0, 37
1790611782,1, 43.72, 1140, 1728, 0, 37
1790611782,2, 40.72, 1140, 1728, 0, 36
1790611784,1, 43.62, 1140, 1728, 0, 37
1790611784,2, 40.71, 1140, 1728, 0, 36
1790611786,1, 43.62, 1140, 1728, 0, 37
1790611786,2, 40.61, 1140, 1728, 0, 36
1790611788,1, 43.51, 1140, 1728, 0, 37
1790611788,2, 40.61, 1140, 1728, 0, 36
1790611790,1, 43.42, 1140, 1728, 0, 36
1790611790,2, 40.51, 1140, 1728, 0, 36
1790611792,1, 43.33, 1140, 1728, 0, 36
1790611792,2, 40.51, 1140, 1728, 0, 35
1790611794,1, 43.42, 1140, 1728, 0, 36
1790611794,2, 40.41, 1140, 1728, 0, 35
1790611796,1, 43.23, 1140, 1728, 0, 36
1790611796,2, 40.51, 1140, 1728, 0, 35
1790611798,1, 43.22, 1140, 1728, 0, 36
1790611798,2, 40.51, 1140, 1728, 0, 35
1790611800,1, 43.22, 1140, 1728, 0, 36
1790611800,2, 40.31, 1140, 1728, 0, 35
1790611803,1, 43.22, 1140, 1728, 0, 35
1790611803,2, 40.31, 1140, 1728, 0, 35
1790611805,1, 43.02, 1140, 1728, 0, 35
1790611805,2, 40.41, 1140, 1728, 0, 34
1790611807,1, 43.01, 1140, 1728, 0, 35
1790611807,2, 40.31, 1140, 1728, 0, 34
1790611809,1, 43.11, 1140, 1728, 0, 35
1790611809,2, 40.31, 1140, 1728, 0, 34
1790611811,1, 42.90, 1140, 1728, 0, 35
1790611811,2, 40.41, 1140, 1728, 0, 34
1790611813,1, 42.91, 1140, 1728, 0, 35
1790611813,2, 40.21, 1140, 1728, 0, 34
1790611815,1, 42.92, 1140, 1728, 0, 35
1790611815,2, 40.00, 1140, 1728, 0, 34
1790611817,1, 42.72, 1140, 1728, 0, 35
1790611817,2, 40.00, 1140, 1728, 0, 34
1790611819,1, 43.02, 1140, 1728, 0, 34
1790611819,2, 39.91, 1140, 1728, 0, 34
1790611821,1, 43.02, 1140, 1728, 0, 34
1790611821,2, 39.90, 1140, 1728, 0, 34
1790611823,1, 43.03, 1140, 1728, 0, 34
1790611823,2, 40.00, 1140, 1728, 0, 33
1790611825,1, 42.92, 1140, 1728, 0, 34
1790611825,2, 39.90, 1140, 1728, 0, 33
1790611827,1, 159.31, 1470, 1728, 100, 39
1790611827,2, 149.80, 1485, 1728, 99, 39
1790611830,1, 151.64, 1485, 1728, 100, 41
1790611830,2, 145.73, 1485, 1728, 100, 40
1790611832,1, 160.85, 1485, 1728, 100, 41
1790611832,2, 157.75, 1485, 1728, 100, 41
1790611834,1, 165.93, 1485, 1728, 99, 42
1790611834,2, 162.65, 1485, 1728, 100, 42
1790611836,1, 158.64, 1485, 1728, 99, 43
1790611836,2, 161.56, 1485, 1728, 100, 42
1790611838,1, 168.77, 1485, 1728, 100, 43
1790611838,2, 151.29, 1485, 1728, 100, 43
1790611840,1, 167.46, 1485, 1728, 99, 44
1790611840,2, 163.35, 1485, 1728, 100, 43
1790611842,1, 180.55, 1485, 1728, 99, 44
1790611842,2, 163.40, 1485, 1728, 100, 44
1790611844,1, 67.04, 1485, 1728, 18, 42
1790611844,2, 148.21, 1485, 1728, 0, 42
1790611846,1, 163.82, 1485, 1728, 56, 43
1790611846,2, 165.73, 1485, 1728, 0, 42
1790611848,1, 164.30, 1485, 1728, 100, 44
1790611848,2, 169.45, 1485, 1728, 100, 44
1790611850,1, 154.02, 1470, 1728, 99, 45
1790611850,2, 167.91, 1485, 1728, 100, 45
1790611853,1, 158.08, 1470, 1728, 100, 45
1790611853,2, 158.04, 1485, 1728, 99, 45
1790611855,1, 174.26, 1470, 1728, 99, 46
1790611855,2, 168.46, 1470, 1728, 100, 45
1790611857,1, 158.80, 1470, 1728, 100, 46
1790611857,2, 153.42, 1470, 1728, 100, 46
1790611859,1, 171.49, 1470, 1728, 99, 46
1790611859,2, 164.70, 1470, 1728, 100, 46
1790611861,1, 162.99, 1470, 1728, 99, 47
1790611861,2, 160.84, 1470, 1728, 100, 46
1790611863,1, 169.62, 1470, 1728, 100, 47
1790611863,2, 159.00, 1470, 1728, 100, 46
1790611865,1, 163.62, 1470, 1728, 100, 47
1790611865,2, 163.80, 1470, 1728, 99, 46
1790611867,1, 163.68, 1470, 1728, 99, 47
1790611867,2, 151.20, 1470, 1728, 100, 47
1790611869,1, 158.00, 1470, 1728, 100, 48
1790611869,2, 161.11, 1470, 1728, 100, 47
1790611871,1, 142.81, 1470, 1728, 85, 46
1790611871,2, 147.27, 1470, 1728, 84, 46
1790611873,1, 138.15, 1470, 1728, 88, 46
1790611873,2, 148.89, 1470, 1728, 87, 46
1790611875,1, 146.00, 1470, 1728, 87, 47
1790611875,2, 149.36, 1470, 1728, 84, 46
1790611878,1, 147.55, 1470, 1728, 86, 47
1790611878,2, 141.10, 1470, 1728, 84, 46
1790611880,1, 150.44, 1470, 1728, 88, 47
1790611880,2, 140.20, 1470, 1728, 84, 46
1790611882,1, 144.14, 1470, 1728, 87, 47
1790611882,2, 144.75, 1470, 1728, 83, 46
1790611884,1, 141.82, 1470, 1728, 86, 47
1790611884,2, 149.06, 1470, 1728, 83, 46
1790611886,1, 67.44, 1470, 1728, 0, 45
1790611886,2, 62.11, 1470, 1728, 43, 44
1790611888,1, 45.67, 1140, 1728, 0, 42
1790611888,2, 42.15, 1140, 1728, 0, 42
1790611890,1, 45.24, 1140, 1728, 0, 41
1790611890,2, 42.02, 1140, 1728, 0, 41
1790611892,1, 154.26, 1470, 1728, 88, 46
1790611892,2, 154.90, 1470, 1728, 88, 45
1790611894,1, 67.22, 1470, 1728, 82, 44
1790611894,2, 62.21, 1470, 1728, 42, 44
1790611896,1, 176.27, 1470, 1728, 100, 47
1790611896,2, 154.60, 1470, 1728, 100, 46
1790611898,1, 153.92, 1470, 1728, 89, 46
1790611898,2, 132.25, 1470, 1728, 83, 45
1790611900,1, 142.78, 1470, 1728, 88, 46
1790611900,2, 153.29, 1470, 1728, 88, 46
1790611903,1, 147.23, 1470, 1728, 87, 46
1790611903,2, 140.70, 1470, 1728, 84, 46
1790611905,1, 135.06, 1470, 1728, 87, 47
1790611905,2, 147.18, 1470, 1728, 84, 46
